{"stats":{"minecraft:used":{"minecraft:prismarine":82,"minecraft:repeater":4,"minecraft:bubble_coral":41,"minecraft:kelp":382,"minecraft:clay":160,"minecraft:yellow_stained_glass_pane":4,"minecraft:campfire":5,"minecraft:mangrove_slab":3,"minecraft:orange_stained_glass_pane":2,"minecraft:pale_oak_sign":6,"minecraft:oak_wood":103,"minecraft:small_dripleaf":15,"minecraft:deepslate_copper_ore":20,"minecraft:sea_lantern":15,"minecraft:barrier":3,"minecraft:villager_spawn_egg":10,"minecraft:grindstone":2,"minecraft:mud_brick_wall":1,"minecraft:poppy":2,"minecraft:cow_spawn_egg":6,"minecraft:birch_wood":2,"minecraft:tropical_fish_spawn_egg":3535,"minecraft:chiseled_tuff":1,"minecraft:fire_coral":45,"minecraft:andesite_wall":1,"minecraft:mossy_cobblestone":9,"minecraft:deepslate_diamond_ore":3,"minecraft:brain_coral_block":15,"minecraft:prismarine_bricks":60,"minecraft:cod_spawn_egg":18,"minecraft:writable_book":4,"minecraft:bone_meal":319,"minecraft:white_shulker_box":4,"minecraft:guardian_spawn_egg":18,"minecraft:anvil":2,"minecraft:white_stained_glass_pane":7,"minecraft:axolotl_spawn_egg":158,"minecraft:light_blue_stained_glass":14,"minecraft:mossy_cobblestone_wall":3,"minecraft:written_book":6,"minecraft:obsidian":1,"minecraft:sand":2669,"minecraft:redstone_block":23,"minecraft:tube_coral":38,"minecraft:mossy_cobblestone_stairs":6,"minecraft:nether_brick_fence":20,"minecraft:mangrove_planks":60,"minecraft:prismarine_brick_slab":22,"minecraft:splash_potion":956,"minecraft:brain_coral":48,"minecraft:nether_brick_slab":215,"minecraft:oak_planks":170,"minecraft:brick_wall":1,"minecraft:black_stained_glass":59,"minecraft:bedrock":2483,"minecraft:oak_fence":51,"minecraft:grass_block":73,"minecraft:nether_bricks":98,"minecraft:brain_coral_fan":5,"minecraft:observer":9,"minecraft:horn_coral":44,"minecraft:fire_coral_fan":7,"minecraft:deepslate":29,"minecraft:turtle_spawn_egg":27,"minecraft:bubble_coral_fan":8,"minecraft:sheep_spawn_egg":4,"minecraft:red_stained_glass_pane":13,"minecraft:command_block":49,"minecraft:polished_tuff_wall":1,"minecraft:stripped_pale_oak_wood":2,"minecraft:redstone":6,"minecraft:oak_slab":37,"minecraft:bubble_coral_block":20,"minecraft:white_stained_glass":3,"minecraft:pale_oak_planks":18,"minecraft:stone":82,"minecraft:chain":5,"minecraft:light_blue_stained_glass_pane":14,"minecraft:dolphin_spawn_egg":84,"minecraft:netherite_chestplate":2,"minecraft:salmon_spawn_egg":22,"minecraft:lime_stained_glass_pane":8,"minecraft:trident":38,"minecraft:horn_coral_block":17,"minecraft:pig_spawn_egg":4,"minecraft:tube_coral_block":26,"minecraft:black_concrete":6,"minecraft:horn_coral_fan":7,"minecraft:structure_void":99,"minecraft:water_bucket":2670,"minecraft:repeating_command_block":2,"minecraft:fire_coral_block":21,"minecraft:turtle_egg":5,"minecraft:pufferfish_spawn_egg":93,"minecraft:prismarine_brick_stairs":26,"minecraft:lever":1,"minecraft:golden_axe":2,"minecraft:elder_guardian_spawn_egg":2,"minecraft:mangrove_stairs":5,"minecraft:chicken_spawn_egg":8,"minecraft:resin_brick_wall":2,"minecraft:deepslate_redstone_ore":11,"minecraft:nether_brick_stairs":41,"minecraft:white_wool":86,"minecraft:chiseled_nether_bricks":43,"minecraft:tube_coral_fan":8,"minecraft:nether_brick_wall":23,"minecraft:flint_and_steel":1,"minecraft:chest":6,"minecraft:deepslate_iron_ore":5,"minecraft:big_dripleaf":35},"minecraft:dropped":{"minecraft:pufferfish_spawn_egg":1,"minecraft:brain_coral":1,"minecraft:dolphin_spawn_egg":1,"minecraft:horn_coral":1,"minecraft:tube_coral":1,"minecraft:bubble_coral_fan":1,"minecraft:tube_coral_fan":1,"minecraft:cod_spawn_egg":1,"minecraft:salmon_spawn_egg":1,"minecraft:fire_coral":1,"minecraft:brain_coral_fan":1,"minecraft:tropical_fish_spawn_egg":1,"minecraft:fire_coral_fan":1,"minecraft:bubble_coral":1,"minecraft:mangrove_planks":1,"minecraft:horn_coral_fan":1},"minecraft:picked_up":{"minecraft:axolotl_spawn_egg":1,"minecraft:tropical_fish":8,"minecraft:prismarine_shard":2,"minecraft:leather":3,"minecraft:bone":2,"minecraft:bubble_coral_block":1,"minecraft:horn_coral":2,"minecraft:water_bucket":1,"minecraft:bubble_coral_fan":2,"minecraft:cod":4,"minecraft:horn_coral_fan":2,"minecraft:deepslate_iron_ore":1,"minecraft:deepslate_diamond_ore":1,"minecraft:prismarine":1,"minecraft:prismarine_crystals":2,"minecraft:bubble_coral":2,"minecraft:salmon":3,"minecraft:prismarine_bricks":1,"minecraft:deepslate_redstone_ore":1,"minecraft:chicken":6,"minecraft:clay":1,"minecraft:tube_coral_fan":2,"minecraft:pufferfish_spawn_egg":2,"minecraft:deepslate":1,"minecraft:arrow":4,"minecraft:kelp":61,"minecraft:tube_coral_block":1,"minecraft:salmon_spawn_egg":2,"minecraft:bedrock":1,"minecraft:guardian_spawn_egg":1,"minecraft:cow_spawn_egg":1,"minecraft:horn_coral_block":1,"minecraft:dandelion":5,"minecraft:dolphin_spawn_egg":2,"minecraft:mutton":4,"minecraft:gunpowder":2,"minecraft:chest":1,"minecraft:pig_spawn_egg":1,"minecraft:pale_oak_sign":1,"minecraft:dirt":1,"minecraft:brain_coral":2,"minecraft:fire_coral_fan":2,"minecraft:trident":1,"minecraft:lever":1,"minecraft:brain_coral_fan":2,"minecraft:big_dripleaf":10,"minecraft:sea_lantern":1,"minecraft:prismarine_brick_slab":1,"minecraft:grass_block":1,"minecraft:sand":1,"minecraft:wheat_seeds":4,"minecraft:fire_coral":2,"minecraft:chicken_spawn_egg":1,"minecraft:seagrass":4,"minecraft:tropical_fish_spawn_egg":2,"minecraft:bone_meal":1,"minecraft:prismarine_brick_stairs":1,"minecraft:white_shulker_box":3,"minecraft:egg":1,"minecraft:turtle_spawn_egg":1,"minecraft:tube_coral":2,"minecraft:poppy":9,"minecraft:pufferfish":2,"minecraft:feather":9,"minecraft:white_wool":3,"minecraft:sheep_spawn_egg":1,"minecraft:fire_coral_block":1,"minecraft:small_dripleaf":1,"minecraft:rotten_flesh":2,"minecraft:written_book":1,"minecraft:beef":9,"minecraft:mangrove_planks":1,"minecraft:elder_guardian_spawn_egg":1,"minecraft:brain_coral_block":1,"minecraft:string":2,"minecraft:deepslate_copper_ore":1,"minecraft:cod_spawn_egg":2,"minecraft:light_blue_stained_glass":1},"minecraft:custom":{"minecraft:time_since_rest":668993,"minecraft:talked_to_villager":14,"minecraft:walk_one_cm":96769,"minecraft:leave_game":9,"minecraft:damage_taken":30,"minecraft:walk_under_water_one_cm":726509,"minecraft:mob_kills":32,"minecraft:damage_dealt":6620,"minecraft:play_time":668993,"minecraft:open_shulker_box":6,"minecraft:jump":454,"minecraft:time_since_death":668993,"minecraft:drop":16,"minecraft:sprint_one_cm":18856,"minecraft:open_chest":38,"minecraft:fall_one_cm":642,"minecraft:swim_one_cm":23951,"minecraft:total_world_time":682976,"minecraft:fly_one_cm":3473497,"minecraft:interact_with_anvil":2,"minecraft:crouch_one_cm":18139,"minecraft:walk_on_water_one_cm":236229,"minecraft:sneak_time":29176},"minecraft:killed":{"minecraft:turtle":5,"minecraft:guardian":1,"minecraft:cow":1,"minecraft:villager":21,"minecraft:axolotl":4}},"DataVersion":4325}