{"stats":{"minecraft:custom":{"minecraft:time_since_rest":634,"minecraft:leave_game":3,"minecraft:time_since_death":609,"minecraft:interact_with_furnace":18,"minecraft:sleep_in_bed":1,"minecraft:inspect_dispenser":23,"minecraft:total_world_time":351030,"minecraft:crouch_one_cm":18146,"minecraft:pot_flower":2,"minecraft:deaths":3,"minecraft:climb_one_cm":1051,"minecraft:enchant_item":1,"minecraft:walk_one_cm":188342,"minecraft:walk_under_water_one_cm":16329,"minecraft:play_time":132770,"minecraft:damage_dealt":0,"minecraft:jump":302,"minecraft:drop":21,"minecraft:open_barrel":10,"minecraft:sprint_one_cm":49207,"minecraft:open_chest":30,"minecraft:interact_with_smoker":2,"minecraft:inspect_hopper":1,"minecraft:fly_one_cm":113570,"minecraft:walk_on_water_one_cm":3355,"minecraft:sneak_time":9599,"minecraft:interact_with_blast_furnace":14},"minecraft:picked_up":{"minecraft:oak_trapdoor":2,"minecraft:totem_of_undying":3,"minecraft:redstone_torch":3,"minecraft:lever":1,"minecraft:redstone":8,"minecraft:repeater":1,"minecraft:netherite_boots":2,"minecraft:oak_button":1,"minecraft:enchanted_golden_apple":1,"minecraft:wheat_seeds":402,"minecraft:shield":1,"minecraft:wheat":3,"minecraft:red_stained_glass":1,"minecraft:lava_bucket":2,"minecraft:bone_meal":576,"minecraft:netherite_sword":3},"minecraft:dropped":{"minecraft:polished_diorite":2,"minecraft:oak_trapdoor":5,"minecraft:diamond_block":1,"minecraft:stone":1,"minecraft:red_stained_glass":2,"minecraft:lava_bucket":4,"minecraft:polished_diorite_slab":1,"minecraft:redstone":1,"minecraft:netherite_boots":1,"minecraft:armor_stand":2,"minecraft:lever":1},"minecraft:used":{"minecraft:diamond_block":7,"minecraft:oak_trapdoor":17,"minecraft:oak_fence":10,"minecraft:grass_block":72,"minecraft:painting":52,"minecraft:repeater":18,"minecraft:netherite_block":4,"minecraft:honeycomb":8,"minecraft:iron_block":28,"minecraft:wheat_seeds":21,"minecraft:sticky_piston":11,"minecraft:bookshelf":28,"minecraft:oak_sign":37,"minecraft:polished_diorite_stairs":8,"minecraft:ladder":13,"minecraft:black_concrete_powder":2,"minecraft:lantern":2,"minecraft:command_block":3,"minecraft:blast_furnace":12,"minecraft:farmland":1,"minecraft:smooth_stone":392,"minecraft:lava_bucket":48,"minecraft:piston":8,"minecraft:red_bed":3,"minecraft:redstone":94,"minecraft:oak_slab":24,"minecraft:sea_lantern":71,"minecraft:stone":53,"minecraft:hopper":3,"minecraft:polished_andesite":23,"minecraft:grindstone":2,"minecraft:stripped_oak_log":3,"minecraft:white_carpet":10,"minecraft:oak_pressure_plate":2,"minecraft:oak_fence_gate":7,"minecraft:armor_stand":7,"minecraft:oak_door":3,"minecraft:polished_diorite_slab":5,"minecraft:polished_diorite":22,"minecraft:smoker":2,"minecraft:andesite_wall":14,"minecraft:red_stained_glass":13,"minecraft:white_dye":6,"minecraft:black_concrete":2,"minecraft:iron_hoe":17,"minecraft:soul_sand":1,"minecraft:water_bucket":168,"minecraft:experience_bottle":2,"minecraft:bone_meal":49,"minecraft:item_frame":2,"minecraft:netherite_boots":2,"minecraft:netherite_leggings":2,"minecraft:anvil":4,"minecraft:furnace":20,"minecraft:purple_stained_glass_pane":10,"minecraft:barrel":5,"minecraft:dirt":40,"minecraft:yellow_concrete":4,"minecraft:lever":10,"minecraft:oak_button":8,"minecraft:redstone_block":9,"minecraft:dispenser":9,"minecraft:glow_ink_sac":8,"minecraft:oak_stairs":20,"minecraft:yellow_concrete_powder":2,"minecraft:redstone_torch":11,"minecraft:iron_trapdoor":3,"minecraft:chest":42,"minecraft:enchanting_table":1,"minecraft:oak_planks":11,"minecraft:flower_pot":2,"minecraft:smooth_stone_slab":34}},"DataVersion":4440}